id,type,name,params_len,argument_len,returns,start_line,start_column,end_line,end_column,file_name,file_is_index_or_test,new_id
1,Program,nan,-1,-1,-1,1,0,1,65,packages\csv-parser\commitlint.config.js,0,0
3,AssignmentExpression,nan,-1,-1,-1,1,0,1,65,packages\csv-parser\commitlint.config.js,0,1
4,MemberExpression,nan,-1,-1,-1,1,0,1,14,packages\csv-parser\commitlint.config.js,0,2
5,ObjectExpression,nan,-1,-1,-1,1,17,1,65,packages\csv-parser\commitlint.config.js,0,3
6,Program,nan,-1,-1,-1,1,0,285,46,packages\csv-parser\index.js,1,4
7,VariableDeclaration,nan,-1,-1,-1,1,0,1,39,packages\csv-parser\index.js,1,5
8,VariableDeclaration,nan,-1,-1,-1,3,0,3,30,packages\csv-parser\index.js,1,6
9,VariableDeclaration,nan,-1,-1,-1,4,0,4,30,packages\csv-parser\index.js,1,7
10,VariableDeclaration,nan,-1,-1,-1,5,0,19,1,packages\csv-parser\index.js,1,8
11,ClassDeclaration,nan,-1,-1,-1,21,0,283,1,packages\csv-parser\index.js,1,9
13,Identifier,CsvParser,-1,-1,-1,21,6,21,15,packages\csv-parser\index.js,1,10
14,ClassBody,nan,-1,-1,-1,21,34,283,1,packages\csv-parser\index.js,1,11
15,AssignmentExpression,nan,-1,-1,-1,285,0,285,46,packages\csv-parser\index.js,1,12
16,MethodDefinition,nan,-1,-1,-1,22,2,64,3,packages\csv-parser\index.js,1,13
17,MethodDefinition,nan,-1,-1,-1,66,2,89,3,packages\csv-parser\index.js,1,14
18,MethodDefinition,nan,-1,-1,-1,91,2,173,3,packages\csv-parser\index.js,1,15
19,MethodDefinition,nan,-1,-1,-1,175,2,181,3,packages\csv-parser\index.js,1,16
20,MethodDefinition,nan,-1,-1,-1,183,2,202,3,packages\csv-parser\index.js,1,17
21,MethodDefinition,nan,-1,-1,-1,204,2,208,3,packages\csv-parser\index.js,1,18
22,MethodDefinition,nan,-1,-1,-1,210,2,282,3,packages\csv-parser\index.js,1,19
23,MemberExpression,nan,-1,-1,-1,285,0,285,14,packages\csv-parser\index.js,1,20
24,ArrowFunctionExpression,nan,-1,1,0,285,17,285,46,packages\csv-parser\index.js,1,21
25,Identifier,opts,-1,-1,-1,285,18,285,22,packages\csv-parser\index.js,1,22
27,NewExpression,nan,1,-1,-1,285,27,285,46,packages\csv-parser\index.js,1,23
28,Identifier,opts,-1,-1,-1,285,41,285,45,packages\csv-parser\index.js,1,24
29,Identifier,CsvParser,-1,-1,-1,285,31,285,40,packages\csv-parser\index.js,1,25
30,Program,nan,-1,-1,-1,1,0,27,1,packages\csv-parser\examples\transform.js,0,26
31,VariableDeclaration,nan,-1,-1,-1,1,0,1,41,packages\csv-parser\examples\transform.js,0,27
32,VariableDeclaration,nan,-1,-1,-1,2,0,2,39,packages\csv-parser\examples\transform.js,0,28
33,VariableDeclaration,nan,-1,-1,-1,3,0,3,28,packages\csv-parser\examples\transform.js,0,29
34,VariableDeclaration,nan,-1,-1,-1,4,0,4,28,packages\csv-parser\examples\transform.js,0,30
35,VariableDeclaration,nan,-1,-1,-1,5,0,5,24,packages\csv-parser\examples\transform.js,0,31
37,FunctionDeclaration,nan,-1,3,0,21,0,27,1,packages\csv-parser\examples\transform.js,0,32
38,CallExpression,nan,1,-1,-1,11,0,15,23,packages\csv-parser\examples\transform.js,0,33
39,Identifier,transform,-1,-1,-1,21,9,21,18,packages\csv-parser\examples\transform.js,0,34
40,Identifier,chunk,-1,-1,-1,21,20,21,25,packages\csv-parser\examples\transform.js,0,35
41,Identifier,enc,-1,-1,-1,21,27,21,30,packages\csv-parser\examples\transform.js,0,36
42,Identifier,cb,-1,-1,-1,21,32,21,34,packages\csv-parser\examples\transform.js,0,37
44,BlockStatement,nan,-1,-1,-1,21,36,27,1,packages\csv-parser\examples\transform.js,0,38
45,MemberExpression,nan,-1,-1,-1,15,8,15,22,packages\csv-parser\examples\transform.js,0,39
46,MemberExpression,nan,-1,-1,-1,11,0,15,7,packages\csv-parser\examples\transform.js,0,40
50,CallExpression,nan,1,-1,-1,22,2,24,4,packages\csv-parser\examples\transform.js,0,41
51,CallExpression,nan,1,-1,-1,25,2,25,18,packages\csv-parser\examples\transform.js,0,42
52,CallExpression,nan,0,-1,-1,26,2,26,6,packages\csv-parser\examples\transform.js,0,43
53,ArrowFunctionExpression,nan,-1,1,0,22,29,24,3,packages\csv-parser\examples\transform.js,0,44
54,MemberExpression,nan,-1,-1,-1,22,2,22,28,packages\csv-parser\examples\transform.js,0,45
55,Identifier,chunk,-1,-1,-1,25,12,25,17,packages\csv-parser\examples\transform.js,0,46
56,MemberExpression,nan,-1,-1,-1,25,2,25,11,packages\csv-parser\examples\transform.js,0,47
57,Identifier,cb,-1,-1,-1,26,2,26,4,packages\csv-parser\examples\transform.js,0,48
58,Identifier,k,-1,-1,-1,22,30,22,31,packages\csv-parser\examples\transform.js,0,49
60,BlockStatement,nan,-1,-1,-1,22,36,24,3,packages\csv-parser\examples\transform.js,0,50
62,AssignmentExpression,nan,-1,-1,-1,23,4,23,35,packages\csv-parser\examples\transform.js,0,51
63,MemberExpression,nan,-1,-1,-1,23,4,23,12,packages\csv-parser\examples\transform.js,0,52
64,TemplateLiteral,nan,-1,-1,-1,23,15,23,35,packages\csv-parser\examples\transform.js,0,53
65,Program,nan,-1,-1,-1,1,0,55,2,packages\csv-parser\test\byteOffset.test.js,1,54
66,VariableDeclaration,nan,-1,-1,-1,1,0,1,27,packages\csv-parser\test\byteOffset.test.js,1,55
67,VariableDeclaration,nan,-1,-1,-1,2,0,2,28,packages\csv-parser\test\byteOffset.test.js,1,56
68,VariableDeclaration,nan,-1,-1,-1,3,0,3,25,packages\csv-parser\test\byteOffset.test.js,1,57
69,VariableDeclaration,nan,-1,-1,-1,5,0,5,47,packages\csv-parser\test\byteOffset.test.js,1,58
73,CallExpression,nan,2,-1,-1,7,0,16,2,packages\csv-parser\test\byteOffset.test.js,1,59
74,CallExpression,nan,2,-1,-1,18,0,28,2,packages\csv-parser\test\byteOffset.test.js,1,60
75,CallExpression,nan,2,-1,-1,30,0,55,2,packages\csv-parser\test\byteOffset.test.js,1,61
77,ArrowFunctionExpression,nan,-1,1,0,7,39,16,1,packages\csv-parser\test\byteOffset.test.js,1,62
78,MemberExpression,nan,-1,-1,-1,7,0,7,7,packages\csv-parser\test\byteOffset.test.js,1,63
80,ArrowFunctionExpression,nan,-1,1,0,18,42,28,1,packages\csv-parser\test\byteOffset.test.js,1,64
81,MemberExpression,nan,-1,-1,-1,18,0,18,7,packages\csv-parser\test\byteOffset.test.js,1,65
83,ArrowFunctionExpression,nan,-1,1,0,30,52,55,1,packages\csv-parser\test\byteOffset.test.js,1,66
84,MemberExpression,nan,-1,-1,-1,30,0,30,7,packages\csv-parser\test\byteOffset.test.js,1,67
85,Identifier,t,-1,-1,-1,7,40,7,41,packages\csv-parser\test\byteOffset.test.js,1,68
87,BlockStatement,nan,-1,-1,-1,7,46,16,1,packages\csv-parser\test\byteOffset.test.js,1,69
88,Identifier,t,-1,-1,-1,18,43,18,44,packages\csv-parser\test\byteOffset.test.js,1,70
90,BlockStatement,nan,-1,-1,-1,18,49,28,1,packages\csv-parser\test\byteOffset.test.js,1,71
91,Identifier,t,-1,-1,-1,30,53,30,54,packages\csv-parser\test\byteOffset.test.js,1,72
93,BlockStatement,nan,-1,-1,-1,30,59,55,1,packages\csv-parser\test\byteOffset.test.js,1,73
94,VariableDeclaration,nan,-1,-1,-1,8,2,13,3,packages\csv-parser\test\byteOffset.test.js,1,74
96,VariableDeclaration,nan,-1,-1,-1,19,2,25,3,packages\csv-parser\test\byteOffset.test.js,1,75
98,VariableDeclaration,nan,-1,-1,-1,31,2,31,34,packages\csv-parser\test\byteOffset.test.js,1,76
99,VariableDeclaration,nan,-1,-1,-1,32,2,32,52,packages\csv-parser\test\byteOffset.test.js,1,77
100,VariableDeclaration,nan,-1,-1,-1,33,2,33,52,packages\csv-parser\test\byteOffset.test.js,1,78
101,VariableDeclaration,nan,-1,-1,-1,34,2,34,43,packages\csv-parser\test\byteOffset.test.js,1,79
102,VariableDeclaration,nan,-1,-1,-1,35,2,35,43,packages\csv-parser\test\byteOffset.test.js,1,80
103,VariableDeclaration,nan,-1,-1,-1,36,2,36,48,packages\csv-parser\test\byteOffset.test.js,1,81
108,VariableDeclaration,nan,-1,-1,-1,43,2,43,18,packages\csv-parser\test\byteOffset.test.js,1,82
111,CallExpression,nan,3,-1,-1,15,2,15,54,packages\csv-parser\test\byteOffset.test.js,1,83
112,CallExpression,nan,3,-1,-1,27,2,27,62,packages\csv-parser\test\byteOffset.test.js,1,84
113,CallExpression,nan,1,-1,-1,38,2,38,23,packages\csv-parser\test\byteOffset.test.js,1,85
114,CallExpression,nan,1,-1,-1,39,2,39,21,packages\csv-parser\test\byteOffset.test.js,1,86
115,CallExpression,nan,1,-1,-1,40,2,40,21,packages\csv-parser\test\byteOffset.test.js,1,87
116,CallExpression,nan,0,-1,-1,41,2,41,14,packages\csv-parser\test\byteOffset.test.js,1,88
117,CallExpression,nan,2,-1,-1,44,2,46,4,packages\csv-parser\test\byteOffset.test.js,1,89
118,CallExpression,nan,2,-1,-1,47,2,54,4,packages\csv-parser\test\byteOffset.test.js,1,90
120,ObjectExpression,nan,-1,-1,-1,15,19,15,45,packages\csv-parser\test\byteOffset.test.js,1,91
121,Identifier,verify,-1,-1,-1,15,47,15,53,packages\csv-parser\test\byteOffset.test.js,1,92
122,Identifier,collect,-1,-1,-1,15,2,15,9,packages\csv-parser\test\byteOffset.test.js,1,93
124,ObjectExpression,nan,-1,-1,-1,27,27,27,53,packages\csv-parser\test\byteOffset.test.js,1,94
125,Identifier,verify,-1,-1,-1,27,55,27,61,packages\csv-parser\test\byteOffset.test.js,1,95
126,Identifier,collect,-1,-1,-1,27,2,27,9,packages\csv-parser\test\byteOffset.test.js,1,96
127,Identifier,headers,-1,-1,-1,38,15,38,22,packages\csv-parser\test\byteOffset.test.js,1,97
128,MemberExpression,nan,-1,-1,-1,38,2,38,14,packages\csv-parser\test\byteOffset.test.js,1,98
129,Identifier,cell1,-1,-1,-1,39,15,39,20,packages\csv-parser\test\byteOffset.test.js,1,99
130,MemberExpression,nan,-1,-1,-1,39,2,39,14,packages\csv-parser\test\byteOffset.test.js,1,100
131,Identifier,cell2,-1,-1,-1,40,15,40,20,packages\csv-parser\test\byteOffset.test.js,1,101
132,MemberExpression,nan,-1,-1,-1,40,2,40,14,packages\csv-parser\test\byteOffset.test.js,1,102
133,MemberExpression,nan,-1,-1,-1,41,2,41,12,packages\csv-parser\test\byteOffset.test.js,1,103
135,ArrowFunctionExpression,nan,-1,1,0,44,20,46,3,packages\csv-parser\test\byteOffset.test.js,1,104
136,MemberExpression,nan,-1,-1,-1,44,2,44,11,packages\csv-parser\test\byteOffset.test.js,1,105
138,ArrowFunctionExpression,nan,-1,0,0,47,19,54,3,packages\csv-parser\test\byteOffset.test.js,1,106
139,MemberExpression,nan,-1,-1,-1,47,2,47,11,packages\csv-parser\test\byteOffset.test.js,1,107
140,Identifier,data,-1,-1,-1,44,21,44,25,packages\csv-parser\test\byteOffset.test.js,1,108
142,BlockStatement,nan,-1,-1,-1,44,30,46,3,packages\csv-parser\test\byteOffset.test.js,1,109
144,BlockStatement,nan,-1,-1,-1,47,25,54,3,packages\csv-parser\test\byteOffset.test.js,1,110
152,CallExpression,nan,1,-1,-1,45,4,45,20,packages\csv-parser\test\byteOffset.test.js,1,111
153,CallExpression,nan,3,-1,-1,48,4,48,35,packages\csv-parser\test\byteOffset.test.js,1,112
154,CallExpression,nan,3,-1,-1,49,4,49,71,packages\csv-parser\test\byteOffset.test.js,1,113
155,CallExpression,nan,3,-1,-1,50,4,50,58,packages\csv-parser\test\byteOffset.test.js,1,114
156,CallExpression,nan,3,-1,-1,51,4,51,71,packages\csv-parser\test\byteOffset.test.js,1,115
157,CallExpression,nan,3,-1,-1,52,4,52,59,packages\csv-parser\test\byteOffset.test.js,1,116
158,CallExpression,nan,0,-1,-1,53,4,53,11,packages\csv-parser\test\byteOffset.test.js,1,117
159,Identifier,data,-1,-1,-1,45,15,45,19,packages\csv-parser\test\byteOffset.test.js,1,118
160,MemberExpression,nan,-1,-1,-1,45,4,45,14,packages\csv-parser\test\byteOffset.test.js,1,119
161,MemberExpression,nan,-1,-1,-1,48,9,48,21,packages\csv-parser\test\byteOffset.test.js,1,120
164,MemberExpression,nan,-1,-1,-1,48,4,48,8,packages\csv-parser\test\byteOffset.test.js,1,121
165,MemberExpression,nan,-1,-1,-1,49,9,49,23,packages\csv-parser\test\byteOffset.test.js,1,122
166,Identifier,expected1,-1,-1,-1,49,25,49,34,packages\csv-parser\test\byteOffset.test.js,1,123
168,MemberExpression,nan,-1,-1,-1,49,4,49,8,packages\csv-parser\test\byteOffset.test.js,1,124
169,MemberExpression,nan,-1,-1,-1,50,9,50,28,packages\csv-parser\test\byteOffset.test.js,1,125
172,MemberExpression,nan,-1,-1,-1,50,4,50,8,packages\csv-parser\test\byteOffset.test.js,1,126
173,MemberExpression,nan,-1,-1,-1,51,9,51,23,packages\csv-parser\test\byteOffset.test.js,1,127
174,Identifier,expected2,-1,-1,-1,51,25,51,34,packages\csv-parser\test\byteOffset.test.js,1,128
176,MemberExpression,nan,-1,-1,-1,51,4,51,8,packages\csv-parser\test\byteOffset.test.js,1,129
177,MemberExpression,nan,-1,-1,-1,52,9,52,28,packages\csv-parser\test\byteOffset.test.js,1,130
180,MemberExpression,nan,-1,-1,-1,52,4,52,8,packages\csv-parser\test\byteOffset.test.js,1,131
181,MemberExpression,nan,-1,-1,-1,53,4,53,9,packages\csv-parser\test\byteOffset.test.js,1,132
182,Program,nan,-1,-1,-1,1,0,14,2,packages\csv-parser\test\escape.test.js,1,133
183,VariableDeclaration,nan,-1,-1,-1,1,0,1,27,packages\csv-parser\test\escape.test.js,1,134
184,VariableDeclaration,nan,-1,-1,-1,3,0,3,47,packages\csv-parser\test\escape.test.js,1,135
186,CallExpression,nan,2,-1,-1,5,0,14,2,packages\csv-parser\test\escape.test.js,1,136
188,ArrowFunctionExpression,nan,-1,1,0,5,48,14,1,packages\csv-parser\test\escape.test.js,1,137
189,MemberExpression,nan,-1,-1,-1,5,0,5,7,packages\csv-parser\test\escape.test.js,1,138
190,Identifier,t,-1,-1,-1,5,49,5,50,packages\csv-parser\test\escape.test.js,1,139
192,BlockStatement,nan,-1,-1,-1,5,55,14,1,packages\csv-parser\test\escape.test.js,1,140
193,VariableDeclaration,nan,-1,-1,-1,6,2,11,3,packages\csv-parser\test\escape.test.js,1,141
195,CallExpression,nan,3,-1,-1,13,2,13,46,packages\csv-parser\test\escape.test.js,1,142
197,ObjectExpression,nan,-1,-1,-1,13,19,13,37,packages\csv-parser\test\escape.test.js,1,143
198,Identifier,verify,-1,-1,-1,13,39,13,45,packages\csv-parser\test\escape.test.js,1,144
199,Identifier,collect,-1,-1,-1,13,2,13,9,packages\csv-parser\test\escape.test.js,1,145
200,Program,nan,-1,-1,-1,1,0,36,2,packages\csv-parser\test\headers.test.js,1,146
201,VariableDeclaration,nan,-1,-1,-1,1,0,1,27,packages\csv-parser\test\headers.test.js,1,147
202,VariableDeclaration,nan,-1,-1,-1,3,0,3,47,packages\csv-parser\test\headers.test.js,1,148
206,CallExpression,nan,2,-1,-1,5,0,16,2,packages\csv-parser\test\headers.test.js,1,149
207,CallExpression,nan,2,-1,-1,18,0,26,2,packages\csv-parser\test\headers.test.js,1,150
208,CallExpression,nan,2,-1,-1,28,0,36,2,packages\csv-parser\test\headers.test.js,1,151
210,ArrowFunctionExpression,nan,-1,1,0,5,35,16,1,packages\csv-parser\test\headers.test.js,1,152
211,MemberExpression,nan,-1,-1,-1,5,0,5,7,packages\csv-parser\test\headers.test.js,1,153
213,ArrowFunctionExpression,nan,-1,1,0,18,26,26,1,packages\csv-parser\test\headers.test.js,1,154
214,MemberExpression,nan,-1,-1,-1,18,0,18,7,packages\csv-parser\test\headers.test.js,1,155
216,ArrowFunctionExpression,nan,-1,1,0,28,26,36,1,packages\csv-parser\test\headers.test.js,1,156
217,MemberExpression,nan,-1,-1,-1,28,0,28,7,packages\csv-parser\test\headers.test.js,1,157
218,Identifier,t,-1,-1,-1,5,36,5,37,packages\csv-parser\test\headers.test.js,1,158
220,BlockStatement,nan,-1,-1,-1,5,42,16,1,packages\csv-parser\test\headers.test.js,1,159
221,Identifier,t,-1,-1,-1,18,27,18,28,packages\csv-parser\test\headers.test.js,1,160
223,BlockStatement,nan,-1,-1,-1,18,33,26,1,packages\csv-parser\test\headers.test.js,1,161
224,Identifier,t,-1,-1,-1,28,27,28,28,packages\csv-parser\test\headers.test.js,1,162
226,BlockStatement,nan,-1,-1,-1,28,33,36,1,packages\csv-parser\test\headers.test.js,1,163
227,VariableDeclaration,nan,-1,-1,-1,6,2,13,3,packages\csv-parser\test\headers.test.js,1,164
229,VariableDeclaration,nan,-1,-1,-1,19,2,23,3,packages\csv-parser\test\headers.test.js,1,165
231,VariableDeclaration,nan,-1,-1,-1,29,2,33,3,packages\csv-parser\test\headers.test.js,1,166
233,CallExpression,nan,3,-1,-1,15,2,15,52,packages\csv-parser\test\headers.test.js,1,167
234,CallExpression,nan,3,-1,-1,25,2,25,51,packages\csv-parser\test\headers.test.js,1,168
235,CallExpression,nan,3,-1,-1,35,2,35,58,packages\csv-parser\test\headers.test.js,1,169
237,ObjectExpression,nan,-1,-1,-1,15,27,15,43,packages\csv-parser\test\headers.test.js,1,170
238,Identifier,verify,-1,-1,-1,15,45,15,51,packages\csv-parser\test\headers.test.js,1,171
239,Identifier,collect,-1,-1,-1,15,2,15,9,packages\csv-parser\test\headers.test.js,1,172
241,ObjectExpression,nan,-1,-1,-1,25,24,25,42,packages\csv-parser\test\headers.test.js,1,173
242,Identifier,verify,-1,-1,-1,25,44,25,50,packages\csv-parser\test\headers.test.js,1,174
243,Identifier,collect,-1,-1,-1,25,2,25,9,packages\csv-parser\test\headers.test.js,1,175
245,ObjectExpression,nan,-1,-1,-1,35,21,35,49,packages\csv-parser\test\headers.test.js,1,176
246,Identifier,verify,-1,-1,-1,35,51,35,57,packages\csv-parser\test\headers.test.js,1,177
247,Identifier,collect,-1,-1,-1,35,2,35,9,packages\csv-parser\test\headers.test.js,1,178
248,Program,nan,-1,-1,-1,1,0,25,2,packages\csv-parser\test\issues.test.js,1,179
249,VariableDeclaration,nan,-1,-1,-1,1,0,1,27,packages\csv-parser\test\issues.test.js,1,180
250,VariableDeclaration,nan,-1,-1,-1,3,0,3,47,packages\csv-parser\test\issues.test.js,1,181
253,CallExpression,nan,2,-1,-1,5,0,14,2,packages\csv-parser\test\issues.test.js,1,182
254,CallExpression,nan,2,-1,-1,16,0,25,2,packages\csv-parser\test\issues.test.js,1,183
256,ArrowFunctionExpression,nan,-1,1,0,5,37,14,1,packages\csv-parser\test\issues.test.js,1,184
257,MemberExpression,nan,-1,-1,-1,5,0,5,7,packages\csv-parser\test\issues.test.js,1,185
259,ArrowFunctionExpression,nan,-1,1,0,16,37,25,1,packages\csv-parser\test\issues.test.js,1,186
260,MemberExpression,nan,-1,-1,-1,16,0,16,7,packages\csv-parser\test\issues.test.js,1,187
261,Identifier,t,-1,-1,-1,5,38,5,39,packages\csv-parser\test\issues.test.js,1,188
263,BlockStatement,nan,-1,-1,-1,5,44,14,1,packages\csv-parser\test\issues.test.js,1,189
264,Identifier,t,-1,-1,-1,16,38,16,39,packages\csv-parser\test\issues.test.js,1,190
266,BlockStatement,nan,-1,-1,-1,16,44,25,1,packages\csv-parser\test\issues.test.js,1,191
267,VariableDeclaration,nan,-1,-1,-1,6,2,11,3,packages\csv-parser\test\issues.test.js,1,192
269,VariableDeclaration,nan,-1,-1,-1,17,2,22,3,packages\csv-parser\test\issues.test.js,1,193
271,CallExpression,nan,3,-1,-1,13,2,13,49,packages\csv-parser\test\issues.test.js,1,194
272,CallExpression,nan,3,-1,-1,24,2,24,69,packages\csv-parser\test\issues.test.js,1,195
274,ObjectExpression,nan,-1,-1,-1,13,22,13,40,packages\csv-parser\test\issues.test.js,1,196
275,Identifier,verify,-1,-1,-1,13,42,13,48,packages\csv-parser\test\issues.test.js,1,197
276,Identifier,collect,-1,-1,-1,13,2,13,9,packages\csv-parser\test\issues.test.js,1,198
278,ObjectExpression,nan,-1,-1,-1,24,30,24,60,packages\csv-parser\test\issues.test.js,1,199
279,Identifier,verify,-1,-1,-1,24,62,24,68,packages\csv-parser\test\issues.test.js,1,200
280,Identifier,collect,-1,-1,-1,24,2,24,9,packages\csv-parser\test\issues.test.js,1,201
281,Program,nan,-1,-1,-1,1,0,36,2,packages\csv-parser\test\mapHeaders.test.js,1,202
282,VariableDeclaration,nan,-1,-1,-1,1,0,1,27,packages\csv-parser\test\mapHeaders.test.js,1,203
283,VariableDeclaration,nan,-1,-1,-1,3,0,3,47,packages\csv-parser\test\mapHeaders.test.js,1,204
286,CallExpression,nan,2,-1,-1,5,0,18,2,packages\csv-parser\test\mapHeaders.test.js,1,205
287,CallExpression,nan,2,-1,-1,20,0,36,2,packages\csv-parser\test\mapHeaders.test.js,1,206
289,ArrowFunctionExpression,nan,-1,1,0,5,26,18,1,packages\csv-parser\test\mapHeaders.test.js,1,207
290,MemberExpression,nan,-1,-1,-1,5,0,5,7,packages\csv-parser\test\mapHeaders.test.js,1,208
292,ArrowFunctionExpression,nan,-1,1,0,20,32,36,1,packages\csv-parser\test\mapHeaders.test.js,1,209
293,MemberExpression,nan,-1,-1,-1,20,0,20,7,packages\csv-parser\test\mapHeaders.test.js,1,210
294,Identifier,t,-1,-1,-1,5,27,5,28,packages\csv-parser\test\mapHeaders.test.js,1,211
296,BlockStatement,nan,-1,-1,-1,5,33,18,1,packages\csv-parser\test\mapHeaders.test.js,1,212
297,Identifier,t,-1,-1,-1,20,33,20,34,packages\csv-parser\test\mapHeaders.test.js,1,213
299,BlockStatement,nan,-1,-1,-1,20,39,36,1,packages\csv-parser\test\mapHeaders.test.js,1,214
300,VariableDeclaration,nan,-1,-1,-1,6,2,6,44,packages\csv-parser\test\mapHeaders.test.js,1,215
301,VariableDeclaration,nan,-1,-1,-1,7,2,9,3,packages\csv-parser\test\mapHeaders.test.js,1,216
302,VariableDeclaration,nan,-1,-1,-1,10,2,15,3,packages\csv-parser\test\mapHeaders.test.js,1,217
304,VariableDeclaration,nan,-1,-1,-1,21,2,26,3,packages\csv-parser\test\mapHeaders.test.js,1,218
305,VariableDeclaration,nan,-1,-1,-1,28,2,33,3,packages\csv-parser\test\mapHeaders.test.js,1,219
307,CallExpression,nan,3,-1,-1,17,2,17,42,packages\csv-parser\test\mapHeaders.test.js,1,220
308,CallExpression,nan,3,-1,-1,35,2,35,42,packages\csv-parser\test\mapHeaders.test.js,1,221
310,ObjectExpression,nan,-1,-1,-1,17,19,17,33,packages\csv-parser\test\mapHeaders.test.js,1,222
311,Identifier,verify,-1,-1,-1,17,35,17,41,packages\csv-parser\test\mapHeaders.test.js,1,223
312,Identifier,collect,-1,-1,-1,17,2,17,9,packages\csv-parser\test\mapHeaders.test.js,1,224
314,ObjectExpression,nan,-1,-1,-1,35,19,35,33,packages\csv-parser\test\mapHeaders.test.js,1,225
315,Identifier,verify,-1,-1,-1,35,35,35,41,packages\csv-parser\test\mapHeaders.test.js,1,226
316,Identifier,collect,-1,-1,-1,35,2,35,9,packages\csv-parser\test\mapHeaders.test.js,1,227
317,Program,nan,-1,-1,-1,1,0,40,2,packages\csv-parser\test\mapValues.test.js,1,228
318,VariableDeclaration,nan,-1,-1,-1,1,0,1,27,packages\csv-parser\test\mapValues.test.js,1,229
319,VariableDeclaration,nan,-1,-1,-1,3,0,3,47,packages\csv-parser\test\mapValues.test.js,1,230
322,CallExpression,nan,2,-1,-1,5,0,24,2,packages\csv-parser\test\mapValues.test.js,1,231
323,CallExpression,nan,2,-1,-1,26,0,40,2,packages\csv-parser\test\mapValues.test.js,1,232
325,ArrowFunctionExpression,nan,-1,1,0,5,22,24,1,packages\csv-parser\test\mapValues.test.js,1,233
326,MemberExpression,nan,-1,-1,-1,5,0,5,7,packages\csv-parser\test\mapValues.test.js,1,234
328,ArrowFunctionExpression,nan,-1,1,0,26,32,40,1,packages\csv-parser\test\mapValues.test.js,1,235
329,MemberExpression,nan,-1,-1,-1,26,0,26,7,packages\csv-parser\test\mapValues.test.js,1,236
330,Identifier,t,-1,-1,-1,5,23,5,24,packages\csv-parser\test\mapValues.test.js,1,237
332,BlockStatement,nan,-1,-1,-1,5,29,24,1,packages\csv-parser\test\mapValues.test.js,1,238
333,Identifier,t,-1,-1,-1,26,33,26,34,packages\csv-parser\test\mapValues.test.js,1,239
335,BlockStatement,nan,-1,-1,-1,26,39,40,1,packages\csv-parser\test\mapValues.test.js,1,240
336,VariableDeclaration,nan,-1,-1,-1,6,2,6,20,packages\csv-parser\test\mapValues.test.js,1,241
337,VariableDeclaration,nan,-1,-1,-1,7,2,7,20,packages\csv-parser\test\mapValues.test.js,1,242
338,VariableDeclaration,nan,-1,-1,-1,8,2,12,3,packages\csv-parser\test\mapValues.test.js,1,243
339,VariableDeclaration,nan,-1,-1,-1,14,2,21,3,packages\csv-parser\test\mapValues.test.js,1,244
341,VariableDeclaration,nan,-1,-1,-1,27,2,29,3,packages\csv-parser\test\mapValues.test.js,1,245
342,VariableDeclaration,nan,-1,-1,-1,31,2,37,3,packages\csv-parser\test\mapValues.test.js,1,246
344,CallExpression,nan,3,-1,-1,23,2,23,41,packages\csv-parser\test\mapValues.test.js,1,247
345,CallExpression,nan,3,-1,-1,39,2,39,88,packages\csv-parser\test\mapValues.test.js,1,248
347,ObjectExpression,nan,-1,-1,-1,23,19,23,32,packages\csv-parser\test\mapValues.test.js,1,249
348,Identifier,verify,-1,-1,-1,23,34,23,40,packages\csv-parser\test\mapValues.test.js,1,250
349,Identifier,collect,-1,-1,-1,23,2,23,9,packages\csv-parser\test\mapValues.test.js,1,251
351,ObjectExpression,nan,-1,-1,-1,39,27,39,79,packages\csv-parser\test\mapValues.test.js,1,252
352,Identifier,verify,-1,-1,-1,39,81,39,87,packages\csv-parser\test\mapValues.test.js,1,253
353,Identifier,collect,-1,-1,-1,39,2,39,9,packages\csv-parser\test\mapValues.test.js,1,254
354,Program,nan,-1,-1,-1,1,0,13,2,packages\csv-parser\test\maxRowBytes.test.js,1,255
355,VariableDeclaration,nan,-1,-1,-1,1,0,1,27,packages\csv-parser\test\maxRowBytes.test.js,1,256
356,VariableDeclaration,nan,-1,-1,-1,3,0,3,47,packages\csv-parser\test\maxRowBytes.test.js,1,257
358,CallExpression,nan,2,-1,-1,5,0,13,2,packages\csv-parser\test\maxRowBytes.test.js,1,258
360,ArrowFunctionExpression,nan,-1,1,0,5,23,13,1,packages\csv-parser\test\maxRowBytes.test.js,1,259
361,MemberExpression,nan,-1,-1,-1,5,0,5,7,packages\csv-parser\test\maxRowBytes.test.js,1,260
362,Identifier,t,-1,-1,-1,5,24,5,25,packages\csv-parser\test\maxRowBytes.test.js,1,261
364,BlockStatement,nan,-1,-1,-1,5,30,13,1,packages\csv-parser\test\maxRowBytes.test.js,1,262
365,VariableDeclaration,nan,-1,-1,-1,6,2,10,3,packages\csv-parser\test\maxRowBytes.test.js,1,263
367,CallExpression,nan,3,-1,-1,12,2,12,61,packages\csv-parser\test\maxRowBytes.test.js,1,264
369,ObjectExpression,nan,-1,-1,-1,12,32,12,52,packages\csv-parser\test\maxRowBytes.test.js,1,265
370,Identifier,verify,-1,-1,-1,12,54,12,60,packages\csv-parser\test\maxRowBytes.test.js,1,266
371,Identifier,collect,-1,-1,-1,12,2,12,9,packages\csv-parser\test\maxRowBytes.test.js,1,267
372,Program,nan,-1,-1,-1,1,0,16,2,packages\csv-parser\test\newline.test.js,1,268
373,VariableDeclaration,nan,-1,-1,-1,1,0,1,27,packages\csv-parser\test\newline.test.js,1,269
374,VariableDeclaration,nan,-1,-1,-1,3,0,3,47,packages\csv-parser\test\newline.test.js,1,270
376,CallExpression,nan,2,-1,-1,5,0,16,2,packages\csv-parser\test\newline.test.js,1,271
378,ArrowFunctionExpression,nan,-1,1,0,5,19,16,1,packages\csv-parser\test\newline.test.js,1,272
379,MemberExpression,nan,-1,-1,-1,5,0,5,7,packages\csv-parser\test\newline.test.js,1,273
380,Identifier,t,-1,-1,-1,5,20,5,21,packages\csv-parser\test\newline.test.js,1,274
382,BlockStatement,nan,-1,-1,-1,5,26,16,1,packages\csv-parser\test\newline.test.js,1,275
383,VariableDeclaration,nan,-1,-1,-1,6,2,13,3,packages\csv-parser\test\newline.test.js,1,276
385,CallExpression,nan,3,-1,-1,15,2,15,53,packages\csv-parser\test\newline.test.js,1,277
387,ObjectExpression,nan,-1,-1,-1,15,28,15,44,packages\csv-parser\test\newline.test.js,1,278
388,Identifier,verify,-1,-1,-1,15,46,15,52,packages\csv-parser\test\newline.test.js,1,279
389,Identifier,collect,-1,-1,-1,15,2,15,9,packages\csv-parser\test\newline.test.js,1,280
390,Program,nan,-1,-1,-1,1,0,41,2,packages\csv-parser\test\quote.test.js,1,281
391,VariableDeclaration,nan,-1,-1,-1,1,0,1,27,packages\csv-parser\test\quote.test.js,1,282
392,VariableDeclaration,nan,-1,-1,-1,3,0,3,47,packages\csv-parser\test\quote.test.js,1,283
396,CallExpression,nan,2,-1,-1,5,0,15,2,packages\csv-parser\test\quote.test.js,1,284
397,CallExpression,nan,2,-1,-1,17,0,28,2,packages\csv-parser\test\quote.test.js,1,285
398,CallExpression,nan,2,-1,-1,30,0,41,2,packages\csv-parser\test\quote.test.js,1,286
400,ArrowFunctionExpression,nan,-1,1,0,5,34,15,1,packages\csv-parser\test\quote.test.js,1,287
401,MemberExpression,nan,-1,-1,-1,5,0,5,7,packages\csv-parser\test\quote.test.js,1,288
403,ArrowFunctionExpression,nan,-1,1,0,17,45,28,1,packages\csv-parser\test\quote.test.js,1,289
404,MemberExpression,nan,-1,-1,-1,17,0,17,7,packages\csv-parser\test\quote.test.js,1,290
406,ArrowFunctionExpression,nan,-1,1,0,30,22,41,1,packages\csv-parser\test\quote.test.js,1,291
407,MemberExpression,nan,-1,-1,-1,30,0,30,7,packages\csv-parser\test\quote.test.js,1,292
408,Identifier,t,-1,-1,-1,5,35,5,36,packages\csv-parser\test\quote.test.js,1,293
410,BlockStatement,nan,-1,-1,-1,5,41,15,1,packages\csv-parser\test\quote.test.js,1,294
411,Identifier,t,-1,-1,-1,17,46,17,47,packages\csv-parser\test\quote.test.js,1,295
413,BlockStatement,nan,-1,-1,-1,17,52,28,1,packages\csv-parser\test\quote.test.js,1,296
414,Identifier,t,-1,-1,-1,30,23,30,24,packages\csv-parser\test\quote.test.js,1,297
416,BlockStatement,nan,-1,-1,-1,30,29,41,1,packages\csv-parser\test\quote.test.js,1,298
417,VariableDeclaration,nan,-1,-1,-1,6,2,12,3,packages\csv-parser\test\quote.test.js,1,299
419,VariableDeclaration,nan,-1,-1,-1,18,2,25,3,packages\csv-parser\test\quote.test.js,1,300
421,VariableDeclaration,nan,-1,-1,-1,31,2,38,3,packages\csv-parser\test\quote.test.js,1,301
423,CallExpression,nan,3,-1,-1,14,2,14,49,packages\csv-parser\test\quote.test.js,1,302
424,CallExpression,nan,3,-1,-1,27,2,27,70,packages\csv-parser\test\quote.test.js,1,303
425,CallExpression,nan,3,-1,-1,40,2,40,54,packages\csv-parser\test\quote.test.js,1,304
427,ObjectExpression,nan,-1,-1,-1,14,26,14,40,packages\csv-parser\test\quote.test.js,1,305
428,Identifier,verify,-1,-1,-1,14,42,14,48,packages\csv-parser\test\quote.test.js,1,306
429,Identifier,collect,-1,-1,-1,14,2,14,9,packages\csv-parser\test\quote.test.js,1,307
431,ObjectExpression,nan,-1,-1,-1,27,33,27,61,packages\csv-parser\test\quote.test.js,1,308
432,Identifier,verify,-1,-1,-1,27,63,27,69,packages\csv-parser\test\quote.test.js,1,309
433,Identifier,collect,-1,-1,-1,27,2,27,9,packages\csv-parser\test\quote.test.js,1,310
435,ObjectExpression,nan,-1,-1,-1,40,31,40,45,packages\csv-parser\test\quote.test.js,1,311
436,Identifier,verify,-1,-1,-1,40,47,40,53,packages\csv-parser\test\quote.test.js,1,312
437,Identifier,collect,-1,-1,-1,40,2,40,9,packages\csv-parser\test\quote.test.js,1,313
438,Program,nan,-1,-1,-1,1,0,25,2,packages\csv-parser\test\skipComments.test.js,1,314
439,VariableDeclaration,nan,-1,-1,-1,1,0,1,27,packages\csv-parser\test\skipComments.test.js,1,315
440,VariableDeclaration,nan,-1,-1,-1,3,0,3,47,packages\csv-parser\test\skipComments.test.js,1,316
443,CallExpression,nan,2,-1,-1,5,0,14,2,packages\csv-parser\test\skipComments.test.js,1,317
444,CallExpression,nan,2,-1,-1,16,0,25,2,packages\csv-parser\test\skipComments.test.js,1,318
446,ArrowFunctionExpression,nan,-1,1,0,5,19,14,1,packages\csv-parser\test\skipComments.test.js,1,319
447,MemberExpression,nan,-1,-1,-1,5,0,5,7,packages\csv-parser\test\skipComments.test.js,1,320
449,ArrowFunctionExpression,nan,-1,1,0,16,26,25,1,packages\csv-parser\test\skipComments.test.js,1,321
450,MemberExpression,nan,-1,-1,-1,16,0,16,7,packages\csv-parser\test\skipComments.test.js,1,322
451,Identifier,t,-1,-1,-1,5,20,5,21,packages\csv-parser\test\skipComments.test.js,1,323
453,BlockStatement,nan,-1,-1,-1,5,26,14,1,packages\csv-parser\test\skipComments.test.js,1,324
454,Identifier,t,-1,-1,-1,16,27,16,28,packages\csv-parser\test\skipComments.test.js,1,325
456,BlockStatement,nan,-1,-1,-1,16,33,25,1,packages\csv-parser\test\skipComments.test.js,1,326
457,VariableDeclaration,nan,-1,-1,-1,6,2,11,3,packages\csv-parser\test\skipComments.test.js,1,327
459,VariableDeclaration,nan,-1,-1,-1,17,2,22,3,packages\csv-parser\test\skipComments.test.js,1,328
461,CallExpression,nan,3,-1,-1,13,2,13,52,packages\csv-parser\test\skipComments.test.js,1,329
462,CallExpression,nan,3,-1,-1,24,2,24,58,packages\csv-parser\test\skipComments.test.js,1,330
464,ObjectExpression,nan,-1,-1,-1,13,21,13,43,packages\csv-parser\test\skipComments.test.js,1,331
465,Identifier,verify,-1,-1,-1,13,45,13,51,packages\csv-parser\test\skipComments.test.js,1,332
466,Identifier,collect,-1,-1,-1,13,2,13,9,packages\csv-parser\test\skipComments.test.js,1,333
468,ObjectExpression,nan,-1,-1,-1,24,28,24,49,packages\csv-parser\test\skipComments.test.js,1,334
469,Identifier,verify,-1,-1,-1,24,51,24,57,packages\csv-parser\test\skipComments.test.js,1,335
470,Identifier,collect,-1,-1,-1,24,2,24,9,packages\csv-parser\test\skipComments.test.js,1,336
471,Program,nan,-1,-1,-1,1,0,26,2,packages\csv-parser\test\skipLines.test.js,1,337
472,VariableDeclaration,nan,-1,-1,-1,1,0,1,27,packages\csv-parser\test\skipLines.test.js,1,338
473,VariableDeclaration,nan,-1,-1,-1,3,0,3,47,packages\csv-parser\test\skipLines.test.js,1,339
476,CallExpression,nan,2,-1,-1,5,0,14,2,packages\csv-parser\test\skipLines.test.js,1,340
477,CallExpression,nan,2,-1,-1,16,0,26,2,packages\csv-parser\test\skipLines.test.js,1,341
479,ArrowFunctionExpression,nan,-1,1,0,5,22,14,1,packages\csv-parser\test\skipLines.test.js,1,342
480,MemberExpression,nan,-1,-1,-1,5,0,5,7,packages\csv-parser\test\skipLines.test.js,1,343
482,ArrowFunctionExpression,nan,-1,1,0,16,35,26,1,packages\csv-parser\test\skipLines.test.js,1,344
483,MemberExpression,nan,-1,-1,-1,16,0,16,7,packages\csv-parser\test\skipLines.test.js,1,345
484,Identifier,t,-1,-1,-1,5,23,5,24,packages\csv-parser\test\skipLines.test.js,1,346
486,BlockStatement,nan,-1,-1,-1,5,29,14,1,packages\csv-parser\test\skipLines.test.js,1,347
487,Identifier,t,-1,-1,-1,16,36,16,37,packages\csv-parser\test\skipLines.test.js,1,348
489,BlockStatement,nan,-1,-1,-1,16,42,26,1,packages\csv-parser\test\skipLines.test.js,1,349
490,VariableDeclaration,nan,-1,-1,-1,6,2,11,3,packages\csv-parser\test\skipLines.test.js,1,350
492,VariableDeclaration,nan,-1,-1,-1,17,2,23,3,packages\csv-parser\test\skipLines.test.js,1,351
494,CallExpression,nan,3,-1,-1,13,2,13,47,packages\csv-parser\test\skipLines.test.js,1,352
495,CallExpression,nan,3,-1,-1,25,2,25,73,packages\csv-parser\test\skipLines.test.js,1,353
497,ObjectExpression,nan,-1,-1,-1,13,22,13,38,packages\csv-parser\test\skipLines.test.js,1,354
498,Identifier,verify,-1,-1,-1,13,40,13,46,packages\csv-parser\test\skipLines.test.js,1,355
499,Identifier,collect,-1,-1,-1,13,2,13,9,packages\csv-parser\test\skipLines.test.js,1,356
501,ObjectExpression,nan,-1,-1,-1,25,22,25,64,packages\csv-parser\test\skipLines.test.js,1,357
502,Identifier,verify,-1,-1,-1,25,66,25,72,packages\csv-parser\test\skipLines.test.js,1,358
503,Identifier,collect,-1,-1,-1,25,2,25,9,packages\csv-parser\test\skipLines.test.js,1,359
504,Program,nan,-1,-1,-1,1,0,16,2,packages\csv-parser\test\strict.test.js,1,360
505,VariableDeclaration,nan,-1,-1,-1,1,0,1,27,packages\csv-parser\test\strict.test.js,1,361
506,VariableDeclaration,nan,-1,-1,-1,3,0,3,47,packages\csv-parser\test\strict.test.js,1,362
508,CallExpression,nan,2,-1,-1,5,0,16,2,packages\csv-parser\test\strict.test.js,1,363
510,ArrowFunctionExpression,nan,-1,1,0,5,18,16,1,packages\csv-parser\test\strict.test.js,1,364
511,MemberExpression,nan,-1,-1,-1,5,0,5,7,packages\csv-parser\test\strict.test.js,1,365
512,Identifier,t,-1,-1,-1,5,19,5,20,packages\csv-parser\test\strict.test.js,1,366
514,BlockStatement,nan,-1,-1,-1,5,25,16,1,packages\csv-parser\test\strict.test.js,1,367
515,VariableDeclaration,nan,-1,-1,-1,6,2,13,3,packages\csv-parser\test\strict.test.js,1,368
517,CallExpression,nan,3,-1,-1,15,2,15,45,packages\csv-parser\test\strict.test.js,1,369
519,ObjectExpression,nan,-1,-1,-1,15,20,15,36,packages\csv-parser\test\strict.test.js,1,370
520,Identifier,verify,-1,-1,-1,15,38,15,44,packages\csv-parser\test\strict.test.js,1,371
521,Identifier,collect,-1,-1,-1,15,2,15,9,packages\csv-parser\test\strict.test.js,1,372
522,Program,nan,-1,-1,-1,1,0,41,2,packages\csv-parser\test\strictNo.test.js,1,373
523,VariableDeclaration,nan,-1,-1,-1,1,0,1,27,packages\csv-parser\test\strictNo.test.js,1,374
524,VariableDeclaration,nan,-1,-1,-1,3,0,3,47,packages\csv-parser\test\strictNo.test.js,1,375
527,CallExpression,nan,2,-1,-1,5,0,22,2,packages\csv-parser\test\strictNo.test.js,1,376
528,CallExpression,nan,2,-1,-1,24,0,41,2,packages\csv-parser\test\strictNo.test.js,1,377
530,ArrowFunctionExpression,nan,-1,1,0,5,40,22,1,packages\csv-parser\test\strictNo.test.js,1,378
531,MemberExpression,nan,-1,-1,-1,5,0,5,7,packages\csv-parser\test\strictNo.test.js,1,379
533,ArrowFunctionExpression,nan,-1,1,0,24,40,41,1,packages\csv-parser\test\strictNo.test.js,1,380
534,MemberExpression,nan,-1,-1,-1,24,0,24,7,packages\csv-parser\test\strictNo.test.js,1,381
535,Identifier,t,-1,-1,-1,5,41,5,42,packages\csv-parser\test\strictNo.test.js,1,382
537,BlockStatement,nan,-1,-1,-1,5,47,22,1,packages\csv-parser\test\strictNo.test.js,1,383
538,Identifier,t,-1,-1,-1,24,41,24,42,packages\csv-parser\test\strictNo.test.js,1,384
540,BlockStatement,nan,-1,-1,-1,24,47,41,1,packages\csv-parser\test\strictNo.test.js,1,385
541,VariableDeclaration,nan,-1,-1,-1,6,2,19,3,packages\csv-parser\test\strictNo.test.js,1,386
543,VariableDeclaration,nan,-1,-1,-1,25,2,38,3,packages\csv-parser\test\strictNo.test.js,1,387
545,CallExpression,nan,3,-1,-1,21,2,21,65,packages\csv-parser\test\strictNo.test.js,1,388
546,CallExpression,nan,3,-1,-1,40,2,40,65,packages\csv-parser\test\strictNo.test.js,1,389
548,ObjectExpression,nan,-1,-1,-1,21,39,21,56,packages\csv-parser\test\strictNo.test.js,1,390
549,Identifier,verify,-1,-1,-1,21,58,21,64,packages\csv-parser\test\strictNo.test.js,1,391
550,Identifier,collect,-1,-1,-1,21,2,21,9,packages\csv-parser\test\strictNo.test.js,1,392
552,ObjectExpression,nan,-1,-1,-1,40,39,40,56,packages\csv-parser\test\strictNo.test.js,1,393
553,Identifier,verify,-1,-1,-1,40,58,40,64,packages\csv-parser\test\strictNo.test.js,1,394
554,Identifier,collect,-1,-1,-1,40,2,40,9,packages\csv-parser\test\strictNo.test.js,1,395
555,Program,nan,-1,-1,-1,1,0,248,2,packages\csv-parser\test\test.js,1,396
556,VariableDeclaration,nan,-1,-1,-1,1,0,1,28,packages\csv-parser\test\test.js,1,397
557,VariableDeclaration,nan,-1,-1,-1,3,0,3,27,packages\csv-parser\test\test.js,1,398
558,VariableDeclaration,nan,-1,-1,-1,4,0,4,28,packages\csv-parser\test\test.js,1,399
559,VariableDeclaration,nan,-1,-1,-1,5,0,5,40,packages\csv-parser\test\test.js,1,400
560,VariableDeclaration,nan,-1,-1,-1,6,0,6,39,packages\csv-parser\test\test.js,1,401
561,VariableDeclaration,nan,-1,-1,-1,7,0,7,30,packages\csv-parser\test\test.js,1,402
562,VariableDeclaration,nan,-1,-1,-1,9,0,9,25,packages\csv-parser\test\test.js,1,403
563,VariableDeclaration,nan,-1,-1,-1,11,0,11,47,packages\csv-parser\test\test.js,1,404
564,VariableDeclaration,nan,-1,-1,-1,13,0,13,16,packages\csv-parser\test\test.js,1,405
581,CallExpression,nan,2,-1,-1,15,0,24,2,packages\csv-parser\test\test.js,1,406
582,CallExpression,nan,2,-1,-1,26,0,37,2,packages\csv-parser\test\test.js,1,407
583,CallExpression,nan,2,-1,-1,39,0,50,2,packages\csv-parser\test\test.js,1,408
584,CallExpression,nan,2,-1,-1,52,0,63,2,packages\csv-parser\test\test.js,1,409
585,CallExpression,nan,2,-1,-1,65,0,76,2,packages\csv-parser\test\test.js,1,410
586,CallExpression,nan,2,-1,-1,78,0,98,2,packages\csv-parser\test\test.js,1,411
587,CallExpression,nan,2,-1,-1,100,0,114,2,packages\csv-parser\test\test.js,1,412
588,CallExpression,nan,2,-1,-1,116,0,130,2,packages\csv-parser\test\test.js,1,413
589,CallExpression,nan,2,-1,-1,132,0,146,2,packages\csv-parser\test\test.js,1,414
590,CallExpression,nan,2,-1,-1,148,0,162,2,packages\csv-parser\test\test.js,1,415
591,CallExpression,nan,2,-1,-1,164,0,178,2,packages\csv-parser\test\test.js,1,416
592,CallExpression,nan,2,-1,-1,180,0,192,2,packages\csv-parser\test\test.js,1,417
593,CallExpression,nan,2,-1,-1,194,0,210,2,packages\csv-parser\test\test.js,1,418
594,CallExpression,nan,2,-1,-1,212,0,231,2,packages\csv-parser\test\test.js,1,419
595,CallExpression,nan,2,-1,-1,233,0,241,2,packages\csv-parser\test\test.js,1,420
596,CallExpression,nan,2,-1,-1,243,0,248,2,packages\csv-parser\test\test.js,1,421
598,ArrowFunctionExpression,nan,-1,1,0,15,22,24,1,packages\csv-parser\test\test.js,1,422
599,MemberExpression,nan,-1,-1,-1,15,0,15,7,packages\csv-parser\test\test.js,1,423
601,ArrowFunctionExpression,nan,-1,1,0,26,28,37,1,packages\csv-parser\test\test.js,1,424
602,MemberExpression,nan,-1,-1,-1,26,0,26,7,packages\csv-parser\test\test.js,1,425
604,ArrowFunctionExpression,nan,-1,1,0,39,30,50,1,packages\csv-parser\test\test.js,1,426
605,MemberExpression,nan,-1,-1,-1,39,0,39,7,packages\csv-parser\test\test.js,1,427
607,ArrowFunctionExpression,nan,-1,1,0,52,30,63,1,packages\csv-parser\test\test.js,1,428
608,MemberExpression,nan,-1,-1,-1,52,0,52,7,packages\csv-parser\test\test.js,1,429
610,ArrowFunctionExpression,nan,-1,1,0,65,43,76,1,packages\csv-parser\test\test.js,1,430
611,MemberExpression,nan,-1,-1,-1,65,0,65,7,packages\csv-parser\test\test.js,1,431
613,ArrowFunctionExpression,nan,-1,1,0,78,37,98,1,packages\csv-parser\test\test.js,1,432
614,MemberExpression,nan,-1,-1,-1,78,0,78,7,packages\csv-parser\test\test.js,1,433
616,ArrowFunctionExpression,nan,-1,1,0,100,39,114,1,packages\csv-parser\test\test.js,1,434
617,MemberExpression,nan,-1,-1,-1,100,0,100,7,packages\csv-parser\test\test.js,1,435
619,ArrowFunctionExpression,nan,-1,1,0,116,37,130,1,packages\csv-parser\test\test.js,1,436
620,MemberExpression,nan,-1,-1,-1,116,0,116,7,packages\csv-parser\test\test.js,1,437
622,ArrowFunctionExpression,nan,-1,1,0,132,29,146,1,packages\csv-parser\test\test.js,1,438
623,MemberExpression,nan,-1,-1,-1,132,0,132,7,packages\csv-parser\test\test.js,1,439
625,ArrowFunctionExpression,nan,-1,1,0,148,45,162,1,packages\csv-parser\test\test.js,1,440
626,MemberExpression,nan,-1,-1,-1,148,0,148,7,packages\csv-parser\test\test.js,1,441
628,ArrowFunctionExpression,nan,-1,1,0,164,41,178,1,packages\csv-parser\test\test.js,1,442
629,MemberExpression,nan,-1,-1,-1,164,0,164,7,packages\csv-parser\test\test.js,1,443
631,ArrowFunctionExpression,nan,-1,1,0,180,19,192,1,packages\csv-parser\test\test.js,1,444
632,MemberExpression,nan,-1,-1,-1,180,0,180,7,packages\csv-parser\test\test.js,1,445
634,ArrowFunctionExpression,nan,-1,1,0,194,25,210,1,packages\csv-parser\test\test.js,1,446
635,MemberExpression,nan,-1,-1,-1,194,0,194,7,packages\csv-parser\test\test.js,1,447
637,ArrowFunctionExpression,nan,-1,1,0,212,24,231,1,packages\csv-parser\test\test.js,1,448
638,MemberExpression,nan,-1,-1,-1,212,0,212,7,packages\csv-parser\test\test.js,1,449
640,ArrowFunctionExpression,nan,-1,1,0,233,28,241,1,packages\csv-parser\test\test.js,1,450
641,MemberExpression,nan,-1,-1,-1,233,0,233,7,packages\csv-parser\test\test.js,1,451
643,ArrowFunctionExpression,nan,-1,1,0,243,23,248,1,packages\csv-parser\test\test.js,1,452
644,Identifier,test,-1,-1,-1,243,0,243,4,packages\csv-parser\test\test.js,1,453
645,Identifier,t,-1,-1,-1,15,23,15,24,packages\csv-parser\test\test.js,1,454
647,BlockStatement,nan,-1,-1,-1,15,29,24,1,packages\csv-parser\test\test.js,1,455
648,Identifier,t,-1,-1,-1,26,29,26,30,packages\csv-parser\test\test.js,1,456
650,BlockStatement,nan,-1,-1,-1,26,35,37,1,packages\csv-parser\test\test.js,1,457
651,Identifier,t,-1,-1,-1,39,31,39,32,packages\csv-parser\test\test.js,1,458
653,BlockStatement,nan,-1,-1,-1,39,37,50,1,packages\csv-parser\test\test.js,1,459
654,Identifier,t,-1,-1,-1,52,31,52,32,packages\csv-parser\test\test.js,1,460
656,BlockStatement,nan,-1,-1,-1,52,37,63,1,packages\csv-parser\test\test.js,1,461
657,Identifier,t,-1,-1,-1,65,44,65,45,packages\csv-parser\test\test.js,1,462
659,BlockStatement,nan,-1,-1,-1,65,50,76,1,packages\csv-parser\test\test.js,1,463
660,Identifier,t,-1,-1,-1,78,38,78,39,packages\csv-parser\test\test.js,1,464
662,BlockStatement,nan,-1,-1,-1,78,44,98,1,packages\csv-parser\test\test.js,1,465
663,Identifier,t,-1,-1,-1,100,40,100,41,packages\csv-parser\test\test.js,1,466
665,BlockStatement,nan,-1,-1,-1,100,46,114,1,packages\csv-parser\test\test.js,1,467
666,Identifier,t,-1,-1,-1,116,38,116,39,packages\csv-parser\test\test.js,1,468
668,BlockStatement,nan,-1,-1,-1,116,44,130,1,packages\csv-parser\test\test.js,1,469
669,Identifier,t,-1,-1,-1,132,30,132,31,packages\csv-parser\test\test.js,1,470
671,BlockStatement,nan,-1,-1,-1,132,36,146,1,packages\csv-parser\test\test.js,1,471
672,Identifier,t,-1,-1,-1,148,46,148,47,packages\csv-parser\test\test.js,1,472
674,BlockStatement,nan,-1,-1,-1,148,52,162,1,packages\csv-parser\test\test.js,1,473
675,Identifier,t,-1,-1,-1,164,42,164,43,packages\csv-parser\test\test.js,1,474
677,BlockStatement,nan,-1,-1,-1,164,48,178,1,packages\csv-parser\test\test.js,1,475
678,Identifier,t,-1,-1,-1,180,20,180,21,packages\csv-parser\test\test.js,1,476
680,BlockStatement,nan,-1,-1,-1,180,26,192,1,packages\csv-parser\test\test.js,1,477
681,Identifier,t,-1,-1,-1,194,26,194,27,packages\csv-parser\test\test.js,1,478
683,BlockStatement,nan,-1,-1,-1,194,32,210,1,packages\csv-parser\test\test.js,1,479
684,Identifier,t,-1,-1,-1,212,25,212,26,packages\csv-parser\test\test.js,1,480
686,BlockStatement,nan,-1,-1,-1,212,31,231,1,packages\csv-parser\test\test.js,1,481
687,Identifier,t,-1,-1,-1,233,29,233,30,packages\csv-parser\test\test.js,1,482
689,BlockStatement,nan,-1,-1,-1,233,35,241,1,packages\csv-parser\test\test.js,1,483
690,Identifier,t,-1,-1,-1,243,30,243,31,packages\csv-parser\test\test.js,1,484
692,BlockStatement,nan,-1,-1,-1,243,36,248,1,packages\csv-parser\test\test.js,1,485
693,VariableDeclaration,nan,-1,-1,-1,16,2,21,3,packages\csv-parser\test\test.js,1,486
695,VariableDeclaration,nan,-1,-1,-1,27,2,27,22,packages\csv-parser\test\test.js,1,487
700,VariableDeclaration,nan,-1,-1,-1,40,2,47,3,packages\csv-parser\test\test.js,1,488
702,VariableDeclaration,nan,-1,-1,-1,53,2,60,3,packages\csv-parser\test\test.js,1,489
704,VariableDeclaration,nan,-1,-1,-1,66,2,73,3,packages\csv-parser\test\test.js,1,490
706,VariableDeclaration,nan,-1,-1,-1,79,2,79,42,packages\csv-parser\test\test.js,1,491
707,VariableDeclaration,nan,-1,-1,-1,80,2,80,70,packages\csv-parser\test\test.js,1,492
708,VariableDeclaration,nan,-1,-1,-1,81,2,87,4,packages\csv-parser\test\test.js,1,493
709,VariableDeclaration,nan,-1,-1,-1,88,2,88,22,packages\csv-parser\test\test.js,1,494
714,VariableDeclaration,nan,-1,-1,-1,101,2,101,38,packages\csv-parser\test\test.js,1,495
715,VariableDeclaration,nan,-1,-1,-1,102,2,102,60,packages\csv-parser\test\test.js,1,496
716,VariableDeclaration,nan,-1,-1,-1,103,2,103,81,packages\csv-parser\test\test.js,1,497
717,VariableDeclaration,nan,-1,-1,-1,104,2,104,22,packages\csv-parser\test\test.js,1,498
722,VariableDeclaration,nan,-1,-1,-1,117,2,117,34,packages\csv-parser\test\test.js,1,499
723,VariableDeclaration,nan,-1,-1,-1,118,2,118,43,packages\csv-parser\test\test.js,1,500
724,VariableDeclaration,nan,-1,-1,-1,119,2,119,31,packages\csv-parser\test\test.js,1,501
725,VariableDeclaration,nan,-1,-1,-1,120,2,120,22,packages\csv-parser\test\test.js,1,502
730,VariableDeclaration,nan,-1,-1,-1,133,2,133,34,packages\csv-parser\test\test.js,1,503
731,VariableDeclaration,nan,-1,-1,-1,134,2,134,59,packages\csv-parser\test\test.js,1,504
732,VariableDeclaration,nan,-1,-1,-1,135,2,135,47,packages\csv-parser\test\test.js,1,505
733,VariableDeclaration,nan,-1,-1,-1,136,2,136,22,packages\csv-parser\test\test.js,1,506
738,VariableDeclaration,nan,-1,-1,-1,149,2,149,34,packages\csv-parser\test\test.js,1,507
739,VariableDeclaration,nan,-1,-1,-1,150,2,150,44,packages\csv-parser\test\test.js,1,508
740,VariableDeclaration,nan,-1,-1,-1,151,2,151,30,packages\csv-parser\test\test.js,1,509
741,VariableDeclaration,nan,-1,-1,-1,152,2,152,22,packages\csv-parser\test\test.js,1,510
746,VariableDeclaration,nan,-1,-1,-1,165,2,165,34,packages\csv-parser\test\test.js,1,511
747,VariableDeclaration,nan,-1,-1,-1,166,2,166,50,packages\csv-parser\test\test.js,1,512
748,VariableDeclaration,nan,-1,-1,-1,167,2,167,40,packages\csv-parser\test\test.js,1,513
749,VariableDeclaration,nan,-1,-1,-1,168,2,168,22,packages\csv-parser\test\test.js,1,514
754,VariableDeclaration,nan,-1,-1,-1,181,2,189,3,packages\csv-parser\test\test.js,1,515
756,VariableDeclaration,nan,-1,-1,-1,195,2,207,3,packages\csv-parser\test\test.js,1,516
759,VariableDeclaration,nan,-1,-1,-1,234,2,238,3,packages\csv-parser\test\test.js,1,517
761,VariableDeclaration,nan,-1,-1,-1,244,2,244,62,packages\csv-parser\test\test.js,1,518
762,VariableDeclaration,nan,-1,-1,-1,245,2,245,97,packages\csv-parser\test\test.js,1,519
764,CallExpression,nan,2,-1,-1,23,2,23,26,packages\csv-parser\test\test.js,1,520
765,CallExpression,nan,2,-1,-1,29,2,32,4,packages\csv-parser\test\test.js,1,521
766,CallExpression,nan,1,-1,-1,34,2,34,25,packages\csv-parser\test\test.js,1,522
767,CallExpression,nan,1,-1,-1,35,2,35,25,packages\csv-parser\test\test.js,1,523
768,CallExpression,nan,0,-1,-1,36,2,36,14,packages\csv-parser\test\test.js,1,524
769,CallExpression,nan,2,-1,-1,49,2,49,29,packages\csv-parser\test\test.js,1,525
770,CallExpression,nan,2,-1,-1,62,2,62,34,packages\csv-parser\test\test.js,1,526
771,CallExpression,nan,2,-1,-1,75,2,75,36,packages\csv-parser\test\test.js,1,527
772,CallExpression,nan,1,-1,-1,90,2,90,23,packages\csv-parser\test\test.js,1,528
773,CallExpression,nan,1,-1,-1,91,2,91,20,packages\csv-parser\test\test.js,1,529
774,CallExpression,nan,0,-1,-1,92,2,92,14,packages\csv-parser\test\test.js,1,530
775,CallExpression,nan,2,-1,-1,94,2,97,4,packages\csv-parser\test\test.js,1,531
776,CallExpression,nan,1,-1,-1,106,2,106,23,packages\csv-parser\test\test.js,1,532
777,CallExpression,nan,1,-1,-1,107,2,107,20,packages\csv-parser\test\test.js,1,533
778,CallExpression,nan,0,-1,-1,108,2,108,14,packages\csv-parser\test\test.js,1,534
779,CallExpression,nan,2,-1,-1,110,2,113,4,packages\csv-parser\test\test.js,1,535
780,CallExpression,nan,1,-1,-1,122,2,122,23,packages\csv-parser\test\test.js,1,536
781,CallExpression,nan,1,-1,-1,123,2,123,20,packages\csv-parser\test\test.js,1,537
782,CallExpression,nan,0,-1,-1,124,2,124,14,packages\csv-parser\test\test.js,1,538
783,CallExpression,nan,2,-1,-1,126,2,129,4,packages\csv-parser\test\test.js,1,539
784,CallExpression,nan,1,-1,-1,138,2,138,23,packages\csv-parser\test\test.js,1,540
785,CallExpression,nan,1,-1,-1,139,2,139,20,packages\csv-parser\test\test.js,1,541
786,CallExpression,nan,0,-1,-1,140,2,140,14,packages\csv-parser\test\test.js,1,542
787,CallExpression,nan,2,-1,-1,142,2,145,4,packages\csv-parser\test\test.js,1,543
788,CallExpression,nan,1,-1,-1,154,2,154,23,packages\csv-parser\test\test.js,1,544
789,CallExpression,nan,1,-1,-1,155,2,155,20,packages\csv-parser\test\test.js,1,545
790,CallExpression,nan,0,-1,-1,156,2,156,14,packages\csv-parser\test\test.js,1,546
791,CallExpression,nan,2,-1,-1,158,2,161,4,packages\csv-parser\test\test.js,1,547
792,CallExpression,nan,1,-1,-1,170,2,170,23,packages\csv-parser\test\test.js,1,548
793,CallExpression,nan,1,-1,-1,171,2,171,20,packages\csv-parser\test\test.js,1,549
794,CallExpression,nan,0,-1,-1,172,2,172,14,packages\csv-parser\test\test.js,1,550
795,CallExpression,nan,2,-1,-1,174,2,177,4,packages\csv-parser\test\test.js,1,551
796,CallExpression,nan,2,-1,-1,191,2,191,28,packages\csv-parser\test\test.js,1,552
797,CallExpression,nan,3,-1,-1,209,2,209,51,packages\csv-parser\test\test.js,1,553
798,CallExpression,nan,1,-1,-1,213,2,230,4,packages\csv-parser\test\test.js,1,554
799,CallExpression,nan,3,-1,-1,240,2,240,38,packages\csv-parser\test\test.js,1,555
800,CallExpression,nan,1,-1,-1,247,2,247,20,packages\csv-parser\test\test.js,1,556
802,Identifier,verify,-1,-1,-1,23,19,23,25,packages\csv-parser\test\test.js,1,557
803,Identifier,collect,-1,-1,-1,23,2,23,9,packages\csv-parser\test\test.js,1,558
805,ArrowFunctionExpression,nan,-1,1,0,29,20,32,3,packages\csv-parser\test\test.js,1,559
806,MemberExpression,nan,-1,-1,-1,29,2,29,11,packages\csv-parser\test\test.js,1,560
808,MemberExpression,nan,-1,-1,-1,34,2,34,14,packages\csv-parser\test\test.js,1,561
810,MemberExpression,nan,-1,-1,-1,35,2,35,14,packages\csv-parser\test\test.js,1,562
811,MemberExpression,nan,-1,-1,-1,36,2,36,12,packages\csv-parser\test\test.js,1,563
813,Identifier,verify,-1,-1,-1,49,22,49,28,packages\csv-parser\test\test.js,1,564
814,Identifier,collect,-1,-1,-1,49,2,49,9,packages\csv-parser\test\test.js,1,565
816,Identifier,verify,-1,-1,-1,62,27,62,33,packages\csv-parser\test\test.js,1,566
817,Identifier,collect,-1,-1,-1,62,2,62,9,packages\csv-parser\test\test.js,1,567
819,Identifier,verify,-1,-1,-1,75,29,75,35,packages\csv-parser\test\test.js,1,568
820,Identifier,collect,-1,-1,-1,75,2,75,9,packages\csv-parser\test\test.js,1,569
821,Identifier,headers,-1,-1,-1,90,15,90,22,packages\csv-parser\test\test.js,1,570
822,MemberExpression,nan,-1,-1,-1,90,2,90,14,packages\csv-parser\test\test.js,1,571
823,Identifier,line,-1,-1,-1,91,15,91,19,packages\csv-parser\test\test.js,1,572
824,MemberExpression,nan,-1,-1,-1,91,2,91,14,packages\csv-parser\test\test.js,1,573
825,MemberExpression,nan,-1,-1,-1,92,2,92,12,packages\csv-parser\test\test.js,1,574
827,ArrowFunctionExpression,nan,-1,1,0,94,22,97,3,packages\csv-parser\test\test.js,1,575
828,MemberExpression,nan,-1,-1,-1,94,2,94,13,packages\csv-parser\test\test.js,1,576
829,Identifier,headers,-1,-1,-1,106,15,106,22,packages\csv-parser\test\test.js,1,577
830,MemberExpression,nan,-1,-1,-1,106,2,106,14,packages\csv-parser\test\test.js,1,578
831,Identifier,line,-1,-1,-1,107,15,107,19,packages\csv-parser\test\test.js,1,579
832,MemberExpression,nan,-1,-1,-1,107,2,107,14,packages\csv-parser\test\test.js,1,580
833,MemberExpression,nan,-1,-1,-1,108,2,108,12,packages\csv-parser\test\test.js,1,581
835,ArrowFunctionExpression,nan,-1,1,0,110,22,113,3,packages\csv-parser\test\test.js,1,582
836,MemberExpression,nan,-1,-1,-1,110,2,110,13,packages\csv-parser\test\test.js,1,583
837,Identifier,headers,-1,-1,-1,122,15,122,22,packages\csv-parser\test\test.js,1,584
838,MemberExpression,nan,-1,-1,-1,122,2,122,14,packages\csv-parser\test\test.js,1,585
839,Identifier,cell,-1,-1,-1,123,15,123,19,packages\csv-parser\test\test.js,1,586
840,MemberExpression,nan,-1,-1,-1,123,2,123,14,packages\csv-parser\test\test.js,1,587
841,MemberExpression,nan,-1,-1,-1,124,2,124,12,packages\csv-parser\test\test.js,1,588
843,ArrowFunctionExpression,nan,-1,1,0,126,22,129,3,packages\csv-parser\test\test.js,1,589
844,MemberExpression,nan,-1,-1,-1,126,2,126,13,packages\csv-parser\test\test.js,1,590
845,Identifier,headers,-1,-1,-1,138,15,138,22,packages\csv-parser\test\test.js,1,591
846,MemberExpression,nan,-1,-1,-1,138,2,138,14,packages\csv-parser\test\test.js,1,592
847,Identifier,cell,-1,-1,-1,139,15,139,19,packages\csv-parser\test\test.js,1,593
848,MemberExpression,nan,-1,-1,-1,139,2,139,14,packages\csv-parser\test\test.js,1,594
849,MemberExpression,nan,-1,-1,-1,140,2,140,12,packages\csv-parser\test\test.js,1,595
851,ArrowFunctionExpression,nan,-1,1,0,142,22,145,3,packages\csv-parser\test\test.js,1,596
852,MemberExpression,nan,-1,-1,-1,142,2,142,13,packages\csv-parser\test\test.js,1,597
853,Identifier,headers,-1,-1,-1,154,15,154,22,packages\csv-parser\test\test.js,1,598
854,MemberExpression,nan,-1,-1,-1,154,2,154,14,packages\csv-parser\test\test.js,1,599
855,Identifier,cell,-1,-1,-1,155,15,155,19,packages\csv-parser\test\test.js,1,600
856,MemberExpression,nan,-1,-1,-1,155,2,155,14,packages\csv-parser\test\test.js,1,601
857,MemberExpression,nan,-1,-1,-1,156,2,156,12,packages\csv-parser\test\test.js,1,602
859,ArrowFunctionExpression,nan,-1,1,0,158,22,161,3,packages\csv-parser\test\test.js,1,603
860,MemberExpression,nan,-1,-1,-1,158,2,158,13,packages\csv-parser\test\test.js,1,604
861,Identifier,headers,-1,-1,-1,170,15,170,22,packages\csv-parser\test\test.js,1,605
862,MemberExpression,nan,-1,-1,-1,170,2,170,14,packages\csv-parser\test\test.js,1,606
863,Identifier,cell,-1,-1,-1,171,15,171,19,packages\csv-parser\test\test.js,1,607
864,MemberExpression,nan,-1,-1,-1,171,2,171,14,packages\csv-parser\test\test.js,1,608
865,MemberExpression,nan,-1,-1,-1,172,2,172,12,packages\csv-parser\test\test.js,1,609
867,ArrowFunctionExpression,nan,-1,1,0,174,22,177,3,packages\csv-parser\test\test.js,1,610
868,MemberExpression,nan,-1,-1,-1,174,2,174,13,packages\csv-parser\test\test.js,1,611
870,Identifier,verify,-1,-1,-1,191,21,191,27,packages\csv-parser\test\test.js,1,612
871,Identifier,collect,-1,-1,-1,191,2,191,9,packages\csv-parser\test\test.js,1,613
873,ArrayExpression,nan,-1,-1,-1,209,27,209,42,packages\csv-parser\test\test.js,1,614
874,Identifier,verify,-1,-1,-1,209,44,209,50,packages\csv-parser\test\test.js,1,615
875,Identifier,collect,-1,-1,-1,209,2,209,9,packages\csv-parser\test\test.js,1,616
876,ArrowFunctionExpression,nan,-1,2,0,213,11,230,3,packages\csv-parser\test\test.js,1,617
877,Identifier,spectrum,-1,-1,-1,213,2,213,10,packages\csv-parser\test\test.js,1,618
879,ObjectExpression,nan,-1,-1,-1,240,27,240,29,packages\csv-parser\test\test.js,1,619
880,Identifier,verify,-1,-1,-1,240,31,240,37,packages\csv-parser\test\test.js,1,620
881,Identifier,collect,-1,-1,-1,240,2,240,9,packages\csv-parser\test\test.js,1,621
882,Identifier,stdout,-1,-1,-1,247,13,247,19,packages\csv-parser\test\test.js,1,622
883,MemberExpression,nan,-1,-1,-1,247,2,247,12,packages\csv-parser\test\test.js,1,623
884,Identifier,data,-1,-1,-1,29,21,29,25,packages\csv-parser\test\test.js,1,624
886,BlockStatement,nan,-1,-1,-1,29,30,32,3,packages\csv-parser\test\test.js,1,625
887,Identifier,data,-1,-1,-1,94,23,94,27,packages\csv-parser\test\test.js,1,626
889,BlockStatement,nan,-1,-1,-1,94,32,97,3,packages\csv-parser\test\test.js,1,627
890,Identifier,data,-1,-1,-1,110,23,110,27,packages\csv-parser\test\test.js,1,628
892,BlockStatement,nan,-1,-1,-1,110,32,113,3,packages\csv-parser\test\test.js,1,629
893,Identifier,data,-1,-1,-1,126,23,126,27,packages\csv-parser\test\test.js,1,630
895,BlockStatement,nan,-1,-1,-1,126,32,129,3,packages\csv-parser\test\test.js,1,631
896,Identifier,data,-1,-1,-1,142,23,142,27,packages\csv-parser\test\test.js,1,632
898,BlockStatement,nan,-1,-1,-1,142,32,145,3,packages\csv-parser\test\test.js,1,633
899,Identifier,data,-1,-1,-1,158,23,158,27,packages\csv-parser\test\test.js,1,634
901,BlockStatement,nan,-1,-1,-1,158,32,161,3,packages\csv-parser\test\test.js,1,635
902,Identifier,data,-1,-1,-1,174,23,174,27,packages\csv-parser\test\test.js,1,636
904,BlockStatement,nan,-1,-1,-1,174,32,177,3,packages\csv-parser\test\test.js,1,637
905,Identifier,err,-1,-1,-1,213,12,213,15,packages\csv-parser\test\test.js,1,638
906,Identifier,data,-1,-1,-1,213,17,213,21,packages\csv-parser\test\test.js,1,639
908,BlockStatement,nan,-1,-1,-1,213,26,230,3,packages\csv-parser\test\test.js,1,640
923,IfStatement,nan,-1,-1,-1,214,4,214,22,packages\csv-parser\test\test.js,1,641
924,VariableDeclaration,nan,-1,-1,-1,215,4,215,29,packages\csv-parser\test\test.js,1,642
926,FunctionDeclaration,nan,-1,0,0,226,4,229,5,packages\csv-parser\test\test.js,1,643
927,CallExpression,nan,1,-1,-1,30,4,30,20,packages\csv-parser\test\test.js,1,644
928,CallExpression,nan,0,-1,-1,31,4,31,11,packages\csv-parser\test\test.js,1,645
929,CallExpression,nan,2,-1,-1,95,4,95,39,packages\csv-parser\test\test.js,1,646
930,CallExpression,nan,0,-1,-1,96,4,96,11,packages\csv-parser\test\test.js,1,647
931,CallExpression,nan,2,-1,-1,111,4,111,39,packages\csv-parser\test\test.js,1,648
932,CallExpression,nan,0,-1,-1,112,4,112,11,packages\csv-parser\test\test.js,1,649
933,CallExpression,nan,2,-1,-1,127,4,127,25,packages\csv-parser\test\test.js,1,650
934,CallExpression,nan,0,-1,-1,128,4,128,11,packages\csv-parser\test\test.js,1,651
935,CallExpression,nan,2,-1,-1,143,4,143,25,packages\csv-parser\test\test.js,1,652
936,CallExpression,nan,0,-1,-1,144,4,144,11,packages\csv-parser\test\test.js,1,653
937,CallExpression,nan,2,-1,-1,159,4,159,25,packages\csv-parser\test\test.js,1,654
938,CallExpression,nan,0,-1,-1,160,4,160,11,packages\csv-parser\test\test.js,1,655
939,CallExpression,nan,3,-1,-1,175,4,175,61,packages\csv-parser\test\test.js,1,656
940,CallExpression,nan,0,-1,-1,176,4,176,11,packages\csv-parser\test\test.js,1,657
941,ThrowStatement,nan,1,-1,-1,214,13,214,22,packages\csv-parser\test\test.js,1,658
942,Identifier,err,-1,-1,-1,214,8,214,11,packages\csv-parser\test\test.js,1,659
943,CallExpression,nan,1,-1,-1,216,4,225,6,packages\csv-parser\test\test.js,1,660
944,Identifier,done,-1,-1,-1,226,13,226,17,packages\csv-parser\test\test.js,1,661
946,BlockStatement,nan,-1,-1,-1,226,21,229,5,packages\csv-parser\test\test.js,1,662
947,Identifier,data,-1,-1,-1,30,15,30,19,packages\csv-parser\test\test.js,1,663
948,MemberExpression,nan,-1,-1,-1,30,4,30,14,packages\csv-parser\test\test.js,1,664
949,MemberExpression,nan,-1,-1,-1,31,4,31,9,packages\csv-parser\test\test.js,1,665
950,CallExpression,nan,1,-1,-1,95,9,95,29,packages\csv-parser\test\test.js,1,666
951,Identifier,correct,-1,-1,-1,95,31,95,38,packages\csv-parser\test\test.js,1,667
952,MemberExpression,nan,-1,-1,-1,95,4,95,8,packages\csv-parser\test\test.js,1,668
953,MemberExpression,nan,-1,-1,-1,96,4,96,9,packages\csv-parser\test\test.js,1,669
954,CallExpression,nan,1,-1,-1,111,9,111,29,packages\csv-parser\test\test.js,1,670
955,Identifier,correct,-1,-1,-1,111,31,111,38,packages\csv-parser\test\test.js,1,671
956,MemberExpression,nan,-1,-1,-1,111,4,111,8,packages\csv-parser\test\test.js,1,672
957,MemberExpression,nan,-1,-1,-1,112,4,112,9,packages\csv-parser\test\test.js,1,673
958,MemberExpression,nan,-1,-1,-1,127,9,127,15,packages\csv-parser\test\test.js,1,674
959,Identifier,correct,-1,-1,-1,127,17,127,24,packages\csv-parser\test\test.js,1,675
960,MemberExpression,nan,-1,-1,-1,127,4,127,8,packages\csv-parser\test\test.js,1,676
961,MemberExpression,nan,-1,-1,-1,128,4,128,9,packages\csv-parser\test\test.js,1,677
962,MemberExpression,nan,-1,-1,-1,143,9,143,15,packages\csv-parser\test\test.js,1,678
963,Identifier,correct,-1,-1,-1,143,17,143,24,packages\csv-parser\test\test.js,1,679
964,MemberExpression,nan,-1,-1,-1,143,4,143,8,packages\csv-parser\test\test.js,1,680
965,MemberExpression,nan,-1,-1,-1,144,4,144,9,packages\csv-parser\test\test.js,1,681
966,MemberExpression,nan,-1,-1,-1,159,9,159,15,packages\csv-parser\test\test.js,1,682
967,Identifier,correct,-1,-1,-1,159,17,159,24,packages\csv-parser\test\test.js,1,683
968,MemberExpression,nan,-1,-1,-1,159,4,159,8,packages\csv-parser\test\test.js,1,684
969,MemberExpression,nan,-1,-1,-1,160,4,160,9,packages\csv-parser\test\test.js,1,685
970,MemberExpression,nan,-1,-1,-1,175,9,175,15,packages\csv-parser\test\test.js,1,686
971,Identifier,correct,-1,-1,-1,175,17,175,24,packages\csv-parser\test\test.js,1,687
973,MemberExpression,nan,-1,-1,-1,175,4,175,8,packages\csv-parser\test\test.js,1,688
974,MemberExpression,nan,-1,-1,-1,176,4,176,9,packages\csv-parser\test\test.js,1,689
975,Identifier,err,-1,-1,-1,214,19,214,22,packages\csv-parser\test\test.js,1,690
976,ArrowFunctionExpression,nan,-1,1,0,216,13,225,5,packages\csv-parser\test\test.js,1,691
977,MemberExpression,nan,-1,-1,-1,216,4,216,12,packages\csv-parser\test\test.js,1,692
979,IfStatement,nan,-1,-1,-1,228,6,228,32,packages\csv-parser\test\test.js,1,693
980,Identifier,data,-1,-1,-1,95,24,95,28,packages\csv-parser\test\test.js,1,694
981,MemberExpression,nan,-1,-1,-1,95,9,95,23,packages\csv-parser\test\test.js,1,695
982,Identifier,data,-1,-1,-1,111,24,111,28,packages\csv-parser\test\test.js,1,696
983,MemberExpression,nan,-1,-1,-1,111,9,111,23,packages\csv-parser\test\test.js,1,697
984,Identifier,d,-1,-1,-1,216,14,216,15,packages\csv-parser\test\test.js,1,698
986,BlockStatement,nan,-1,-1,-1,216,20,225,5,packages\csv-parser\test\test.js,1,699
987,UpdateExpression,nan,1,-1,-1,227,6,227,15,packages\csv-parser\test\test.js,1,700
990,VariableDeclaration,nan,-1,-1,-1,217,6,217,26,packages\csv-parser\test\test.js,1,701
991,VariableDeclaration,nan,-1,-1,-1,218,6,221,8,packages\csv-parser\test\test.js,1,702
995,Identifier,pending,-1,-1,-1,227,6,227,13,packages\csv-parser\test\test.js,1,703
996,CallExpression,nan,0,-1,-1,228,25,228,32,packages\csv-parser\test\test.js,1,704
997,Identifier,pending,-1,-1,-1,228,10,228,17,packages\csv-parser\test\test.js,1,705
999,CallExpression,nan,1,-1,-1,222,6,222,28,packages\csv-parser\test\test.js,1,706
1000,CallExpression,nan,1,-1,-1,223,6,223,25,packages\csv-parser\test\test.js,1,707
1001,CallExpression,nan,0,-1,-1,224,6,224,18,packages\csv-parser\test\test.js,1,708
1002,MemberExpression,nan,-1,-1,-1,228,25,228,30,packages\csv-parser\test\test.js,1,709
1003,Identifier,collector,-1,-1,-1,222,18,222,27,packages\csv-parser\test\test.js,1,710
1004,MemberExpression,nan,-1,-1,-1,222,6,222,17,packages\csv-parser\test\test.js,1,711
1005,MemberExpression,nan,-1,-1,-1,223,19,223,24,packages\csv-parser\test\test.js,1,712
1006,MemberExpression,nan,-1,-1,-1,223,6,223,18,packages\csv-parser\test\test.js,1,713
1007,MemberExpression,nan,-1,-1,-1,224,6,224,16,packages\csv-parser\test\test.js,1,714
1008,Program,nan,-1,-1,-1,1,0,35,37,packages\csv-parser\test\helpers\helper.js,1,715
1009,VariableDeclaration,nan,-1,-1,-1,1,0,1,24,packages\csv-parser\test\helpers\helper.js,1,716
1010,VariableDeclaration,nan,-1,-1,-1,2,0,2,28,packages\csv-parser\test\helpers\helper.js,1,717
1011,VariableDeclaration,nan,-1,-1,-1,4,0,4,28,packages\csv-parser\test\helpers\helper.js,1,718
1012,VariableDeclaration,nan,-1,-1,-1,6,0,6,32,packages\csv-parser\test\helpers\helper.js,1,719
1013,FunctionDeclaration,nan,-1,1,1,9,0,11,1,packages\csv-parser\test\helpers\helper.js,1,720
1014,FunctionDeclaration,nan,-1,3,1,13,0,33,1,packages\csv-parser\test\helpers\helper.js,1,721
1016,Identifier,fixture,-1,-1,-1,9,9,9,16,packages\csv-parser\test\helpers\helper.js,1,722
1017,Identifier,name,-1,-1,-1,9,18,9,22,packages\csv-parser\test\helpers\helper.js,1,723
1019,BlockStatement,nan,-1,-1,-1,9,24,11,1,packages\csv-parser\test\helpers\helper.js,1,724
1020,Identifier,collect,-1,-1,-1,13,9,13,16,packages\csv-parser\test\helpers\helper.js,1,725
1021,Identifier,file,-1,-1,-1,13,18,13,22,packages\csv-parser\test\helpers\helper.js,1,726
1022,Identifier,opts,-1,-1,-1,13,24,13,28,packages\csv-parser\test\helpers\helper.js,1,727
1023,Identifier,cb,-1,-1,-1,13,30,13,32,packages\csv-parser\test\helpers\helper.js,1,728
1025,BlockStatement,nan,-1,-1,-1,13,34,33,1,packages\csv-parser\test\helpers\helper.js,1,729
1026,AssignmentExpression,nan,-1,-1,-1,35,0,35,37,packages\csv-parser\test\helpers\helper.js,1,730
1027,ReturnStatement,nan,1,-1,-1,10,2,10,50,packages\csv-parser\test\helpers\helper.js,1,731
1028,IfStatement,nan,-1,-1,-1,14,2,16,3,packages\csv-parser\test\helpers\helper.js,1,732
1029,VariableDeclaration,nan,-1,-1,-1,17,2,17,43,packages\csv-parser\test\helpers\helper.js,1,733
1030,VariableDeclaration,nan,-1,-1,-1,18,2,18,18,packages\csv-parser\test\helpers\helper.js,1,734
1031,VariableDeclaration,nan,-1,-1,-1,19,2,19,26,packages\csv-parser\test\helpers\helper.js,1,735
1033,ReturnStatement,nan,1,-1,-1,32,2,32,15,packages\csv-parser\test\helpers\helper.js,1,736
1034,MemberExpression,nan,-1,-1,-1,35,0,35,14,packages\csv-parser\test\helpers\helper.js,1,737
1035,ObjectExpression,nan,-1,-1,-1,35,17,35,37,packages\csv-parser\test\helpers\helper.js,1,738
1036,CallExpression,nan,3,-1,-1,10,9,10,50,packages\csv-parser\test\helpers\helper.js,1,739
1037,BlockStatement,nan,-1,-1,-1,14,34,16,3,packages\csv-parser\test\helpers\helper.js,1,740
1039,CallExpression,nan,2,-1,-1,20,2,31,6,packages\csv-parser\test\helpers\helper.js,1,741
1040,Identifier,parser,-1,-1,-1,32,9,32,15,packages\csv-parser\test\helpers\helper.js,1,742
1041,Identifier,__dirname,-1,-1,-1,10,19,10,28,packages\csv-parser\test\helpers\helper.js,1,743
1043,Identifier,name,-1,-1,-1,10,45,10,49,packages\csv-parser\test\helpers\helper.js,1,744
1044,MemberExpression,nan,-1,-1,-1,10,9,10,18,packages\csv-parser\test\helpers\helper.js,1,745
1045,ReturnStatement,nan,1,-1,-1,15,4,15,36,packages\csv-parser\test\helpers\helper.js,1,746
1046,UnaryExpression,nan,1,-1,-1,14,6,14,17,packages\csv-parser\test\helpers\helper.js,1,747
1049,ArrowFunctionExpression,nan,-1,0,0,28,15,31,5,packages\csv-parser\test\helpers\helper.js,1,748
1050,MemberExpression,nan,-1,-1,-1,20,2,28,7,packages\csv-parser\test\helpers\helper.js,1,749
1051,CallExpression,nan,3,-1,-1,15,11,15,36,packages\csv-parser\test\helpers\helper.js,1,750
1052,Identifier,opts,-1,-1,-1,14,13,14,17,packages\csv-parser\test\helpers\helper.js,1,751
1054,BlockStatement,nan,-1,-1,-1,28,21,31,5,packages\csv-parser\test\helpers\helper.js,1,752
1055,Identifier,file,-1,-1,-1,15,19,15,23,packages\csv-parser\test\helpers\helper.js,1,753
1057,Identifier,opts,-1,-1,-1,15,31,15,35,packages\csv-parser\test\helpers\helper.js,1,754
1058,Identifier,collect,-1,-1,-1,15,11,15,18,packages\csv-parser\test\helpers\helper.js,1,755
1060,CallExpression,nan,2,-1,-1,30,6,30,22,packages\csv-parser\test\helpers\helper.js,1,756
1062,Identifier,lines,-1,-1,-1,30,16,30,21,packages\csv-parser\test\helpers\helper.js,1,757
1063,Identifier,cb,-1,-1,-1,30,6,30,8,packages\csv-parser\test\helpers\helper.js,1,758
